Time,Execution Time
Thu Nov 26 16:29:03 2020,3.167850971221924
Thu Nov 26 16:29:05 2020,0.9124667644500732
Thu Nov 26 16:29:07 2020,1.0139210224151611
Thu Nov 26 16:29:09 2020,0.9442000389099121
Thu Nov 26 16:29:11 2020,0.9166438579559326
Thu Nov 26 16:29:13 2020,1.039025068283081
Thu Nov 26 16:29:15 2020,1.0262231826782227
Thu Nov 26 16:29:19 2020,1.0376954078674316
Thu Nov 26 16:29:21 2020,1.0425119400024414
Thu Nov 26 16:29:23 2020,1.032224178314209
Thu Nov 26 16:29:25 2020,0.9477438926696777
Thu Nov 26 16:29:27 2020,1.0175800323486328
Thu Nov 26 16:29:29 2020,1.0154929161071777
Thu Nov 26 16:29:31 2020,1.00150465965271
Thu Nov 26 16:29:33 2020,0.9330308437347412
Thu Nov 26 16:29:35 2020,0.9713821411132812
Thu Nov 26 16:29:37 2020,1.0452730655670166
Thu Nov 26 16:29:39 2020,1.0250649452209473
Thu Nov 26 16:29:41 2020,1.031693935394287
Thu Nov 26 16:29:43 2020,0.9215800762176514
Thu Nov 26 16:29:45 2020,1.0329232215881348
Thu Nov 26 16:29:47 2020,0.9319689273834229
Thu Nov 26 16:29:49 2020,0.8795270919799805
Thu Nov 26 16:29:51 2020,0.9662911891937256
Thu Nov 26 16:29:53 2020,1.0067341327667236
Thu Nov 26 16:29:55 2020,1.011491060256958
Thu Nov 26 16:29:57 2020,1.0339851379394531
Thu Nov 26 16:29:59 2020,0.8791868686676025
Thu Nov 26 16:30:01 2020,0.9796841144561768
Thu Nov 26 16:30:03 2020,1.0325722694396973
Thu Nov 26 16:30:05 2020,1.0390701293945312
Thu Nov 26 16:30:07 2020,1.0259740352630615
Thu Nov 26 16:30:09 2020,1.0549330711364746
Thu Nov 26 16:30:11 2020,0.9048891067504883
Thu Nov 26 16:30:13 2020,1.0336582660675049
Thu Nov 26 16:30:15 2020,0.9301168918609619
Thu Nov 26 16:30:17 2020,1.0547640323638916
Thu Nov 26 16:30:19 2020,1.076857089996338
Thu Nov 26 16:30:21 2020,1.0390098094940186
Thu Nov 26 16:30:23 2020,0.93318772315979
Thu Nov 26 16:30:25 2020,1.0316200256347656
Thu Nov 26 16:30:27 2020,1.034409999847412
Thu Nov 26 16:30:29 2020,0.9236750602722168
Thu Nov 26 16:30:31 2020,0.9409101009368896
Thu Nov 26 16:30:33 2020,0.9319169521331787
Thu Nov 26 16:30:35 2020,0.9629268646240234
Thu Nov 26 16:30:37 2020,0.9264371395111084
Thu Nov 26 16:30:39 2020,0.9171590805053711
Thu Nov 26 16:30:41 2020,1.035822868347168
Thu Nov 26 16:30:43 2020,0.8834700584411621
Thu Nov 26 16:30:45 2020,1.0660011768341064
Thu Nov 26 16:30:47 2020,1.031393051147461
Thu Nov 26 16:30:49 2020,1.0330259799957275
Thu Nov 26 16:30:51 2020,0.9276890754699707
Thu Nov 26 16:30:53 2020,0.9310789108276367
Thu Nov 26 16:30:55 2020,1.023409128189087
Thu Nov 26 16:30:57 2020,1.032449722290039
Thu Nov 26 16:30:59 2020,1.031480073928833
Thu Nov 26 16:31:01 2020,0.935809850692749
Thu Nov 26 16:31:03 2020,1.0314249992370605
Thu Nov 26 16:31:05 2020,0.9216368198394775
Thu Nov 26 16:31:07 2020,1.033916711807251
Thu Nov 26 16:31:09 2020,1.026643991470337
Thu Nov 26 16:31:11 2020,1.0319607257843018
Thu Nov 26 16:31:13 2020,1.0326850414276123
Thu Nov 26 16:31:15 2020,1.0306150913238525
Thu Nov 26 16:31:18 2020,1.1811890602111816
Thu Nov 26 16:31:20 2020,1.015075922012329
Thu Nov 26 16:31:22 2020,0.9501650333404541
Thu Nov 26 16:31:24 2020,1.0250906944274902
Thu Nov 26 16:31:26 2020,0.9510130882263184
Thu Nov 26 16:31:28 2020,0.91668701171875
Thu Nov 26 16:31:30 2020,1.0339939594268799
Thu Nov 26 16:31:32 2020,1.3400788307189941
Thu Nov 26 16:31:34 2020,0.9289209842681885
Thu Nov 26 16:31:36 2020,1.0269901752471924
Thu Nov 26 16:31:38 2020,1.0389771461486816
Thu Nov 26 16:31:40 2020,0.9838590621948242
Thu Nov 26 16:31:42 2020,0.9216248989105225
Thu Nov 26 16:31:44 2020,0.9409310817718506
Thu Nov 26 16:31:46 2020,0.9398000240325928
Thu Nov 26 16:31:48 2020,0.9747388362884521
Thu Nov 26 16:31:50 2020,0.9138929843902588
Thu Nov 26 16:31:53 2020,1.5498721599578857
Thu Nov 26 16:31:55 2020,1.0335829257965088
Thu Nov 26 16:31:57 2020,0.9368932247161865
Thu Nov 26 16:31:59 2020,1.0239512920379639
Thu Nov 26 16:32:01 2020,1.036694049835205
Thu Nov 26 16:32:03 2020,1.0245399475097656
Thu Nov 26 16:32:05 2020,0.9367148876190186
Thu Nov 26 16:32:07 2020,0.980161190032959
Thu Nov 26 16:32:09 2020,1.042733907699585
Thu Nov 26 16:32:11 2020,1.0367650985717773
Thu Nov 26 16:32:13 2020,1.0351109504699707
Thu Nov 26 16:32:15 2020,0.9707338809967041
Thu Nov 26 16:32:17 2020,1.1042189598083496
Thu Nov 26 16:32:19 2020,1.0409400463104248
Thu Nov 26 16:32:22 2020,1.035167932510376
Thu Nov 26 16:32:23 2020,0.9279530048370361
Thu Nov 26 16:32:26 2020,1.0361921787261963
Thu Nov 26 16:32:28 2020,0.9219400882720947
Thu Nov 26 16:32:30 2020,0.9326257705688477
Thu Nov 26 16:32:32 2020,0.9304060935974121
Thu Nov 26 16:32:34 2020,1.0352330207824707
Thu Nov 26 16:32:36 2020,0.954556941986084
Thu Nov 26 16:32:38 2020,0.9813356399536133
Thu Nov 26 16:32:40 2020,0.9724428653717041
Thu Nov 26 16:32:42 2020,0.9294209480285645
Thu Nov 26 16:32:44 2020,1.015428066253662
Thu Nov 26 16:32:46 2020,1.0317089557647705
Thu Nov 26 16:32:48 2020,1.019200086593628
Thu Nov 26 16:32:50 2020,0.9168131351470947
Thu Nov 26 16:32:52 2020,1.0322527885437012
Thu Nov 26 16:32:54 2020,1.0183391571044922
Thu Nov 26 16:32:56 2020,0.9281039237976074
Thu Nov 26 16:32:58 2020,1.0313563346862793
Thu Nov 26 16:33:00 2020,1.031480073928833
Thu Nov 26 16:33:02 2020,0.9337449073791504
Thu Nov 26 16:33:04 2020,1.0342597961425781
Thu Nov 26 16:33:06 2020,0.915942907333374
Thu Nov 26 16:33:08 2020,0.9342961311340332
Thu Nov 26 16:33:10 2020,0.933588981628418
Thu Nov 26 16:33:12 2020,1.031614065170288
Thu Nov 26 16:33:14 2020,1.032571792602539
Thu Nov 26 16:33:16 2020,1.1401748657226562
Thu Nov 26 16:33:18 2020,1.0484669208526611
Thu Nov 26 16:33:20 2020,0.9788427352905273
Thu Nov 26 16:33:23 2020,1.0668160915374756
Thu Nov 26 16:33:24 2020,0.9287748336791992
Thu Nov 26 16:33:27 2020,1.0134499073028564
Thu Nov 26 16:33:29 2020,1.02327299118042
Thu Nov 26 16:33:31 2020,1.1376111507415771
Thu Nov 26 16:33:33 2020,1.032236099243164
Thu Nov 26 16:33:35 2020,0.985569953918457
Thu Nov 26 16:33:37 2020,1.0780558586120605
Thu Nov 26 16:33:39 2020,0.9954109191894531
Thu Nov 26 16:33:41 2020,0.9316861629486084
Thu Nov 26 16:33:43 2020,0.9232048988342285
Thu Nov 26 16:33:45 2020,1.035632848739624
Thu Nov 26 16:33:47 2020,0.870164155960083
Thu Nov 26 16:33:49 2020,1.096930980682373
Thu Nov 26 16:33:51 2020,0.9450743198394775
Thu Nov 26 16:33:53 2020,0.9688451290130615
Thu Nov 26 16:33:55 2020,0.9947519302368164
Thu Nov 26 16:33:57 2020,0.9317061901092529
Thu Nov 26 16:33:59 2020,1.0238049030303955
Thu Nov 26 16:34:01 2020,0.929581880569458
Thu Nov 26 16:34:03 2020,0.8981359004974365
Thu Nov 26 16:34:05 2020,0.984795331954956
Thu Nov 26 16:34:07 2020,0.972862958908081
Thu Nov 26 16:34:09 2020,0.9264638423919678
Thu Nov 26 16:34:11 2020,0.9601669311523438
Thu Nov 26 16:34:13 2020,0.9174180030822754
Thu Nov 26 16:34:14 2020,0.9243049621582031
Thu Nov 26 16:34:17 2020,1.0337119102478027
Thu Nov 26 16:34:19 2020,1.0347540378570557
Thu Nov 26 16:34:21 2020,1.07545804977417
Thu Nov 26 16:34:23 2020,0.9336159229278564
Thu Nov 26 16:34:25 2020,0.9023208618164062
Thu Nov 26 16:34:27 2020,0.9143500328063965
Thu Nov 26 16:34:29 2020,1.0595660209655762
Thu Nov 26 16:34:31 2020,1.0203418731689453
Thu Nov 26 16:34:33 2020,1.0091156959533691
Thu Nov 26 16:34:35 2020,0.9551210403442383
Thu Nov 26 16:34:37 2020,1.0867016315460205
Thu Nov 26 16:34:39 2020,0.9234349727630615
Thu Nov 26 16:34:41 2020,1.0328431129455566
Thu Nov 26 16:34:43 2020,0.9145290851593018
Thu Nov 26 16:34:45 2020,1.0253911018371582
Thu Nov 26 16:34:47 2020,0.8795969486236572
Thu Nov 26 16:34:49 2020,0.9429161548614502
Thu Nov 26 16:34:51 2020,1.082740068435669
Thu Nov 26 16:34:53 2020,1.0169358253479004
Thu Nov 26 16:34:55 2020,1.030663013458252
Thu Nov 26 16:34:57 2020,1.026728868484497
Thu Nov 26 16:34:59 2020,1.0390288829803467
Thu Nov 26 16:35:01 2020,0.9216179847717285
Thu Nov 26 16:35:03 2020,0.9404778480529785
Thu Nov 26 16:35:05 2020,0.8820500373840332
Thu Nov 26 16:35:07 2020,0.9947619438171387
Thu Nov 26 16:35:09 2020,0.9277439117431641
Thu Nov 26 16:35:11 2020,1.1229841709136963
Thu Nov 26 16:35:13 2020,1.0356032848358154
Thu Nov 26 16:35:15 2020,1.033695936203003
Thu Nov 26 16:35:17 2020,0.9590640068054199
Thu Nov 26 16:35:19 2020,1.0661170482635498
Thu Nov 26 16:35:21 2020,1.0192010402679443
Thu Nov 26 16:35:23 2020,1.030426025390625
Thu Nov 26 16:35:25 2020,0.9582791328430176
Thu Nov 26 16:35:27 2020,1.0826809406280518
Thu Nov 26 16:35:29 2020,1.0531330108642578
Thu Nov 26 16:35:31 2020,1.0200681686401367
Thu Nov 26 16:35:33 2020,0.9334189891815186
Thu Nov 26 16:35:35 2020,0.9225270748138428
Thu Nov 26 16:35:37 2020,1.0266869068145752
Thu Nov 26 16:35:39 2020,0.9790859222412109
Thu Nov 26 16:35:41 2020,1.0605518817901611
Thu Nov 26 16:35:43 2020,1.0069303512573242
Thu Nov 26 16:35:45 2020,0.9342951774597168
Thu Nov 26 16:35:47 2020,1.026298999786377
Thu Nov 26 16:35:49 2020,0.9690220355987549
Thu Nov 26 16:35:51 2020,0.9724411964416504
Thu Nov 26 16:35:53 2020,0.8938758373260498
Thu Nov 26 16:35:56 2020,1.1699650287628174
Thu Nov 26 16:35:57 2020,0.918463945388794
Thu Nov 26 16:35:59 2020,0.9058382511138916
Thu Nov 26 16:36:01 2020,0.9499740600585938
Thu Nov 26 16:36:03 2020,0.9316160678863525
Thu Nov 26 16:36:05 2020,0.9299428462982178
Thu Nov 26 16:36:07 2020,0.9233231544494629
Thu Nov 26 16:36:09 2020,1.0252411365509033
Thu Nov 26 16:36:11 2020,0.9208509922027588
Thu Nov 26 16:36:13 2020,0.8728940486907959
Thu Nov 26 16:36:15 2020,0.9898068904876709
Thu Nov 26 16:36:19 2020,1.130990982055664
Thu Nov 26 16:36:21 2020,0.9809441566467285
Thu Nov 26 16:36:23 2020,0.9422898292541504
Thu Nov 26 16:36:25 2020,0.9842650890350342
Thu Nov 26 16:36:27 2020,1.012563943862915
Thu Nov 26 16:36:29 2020,1.0226550102233887
Thu Nov 26 16:36:31 2020,1.2244369983673096
Thu Nov 26 16:36:33 2020,1.039726972579956
Thu Nov 26 16:36:35 2020,0.9238901138305664
Thu Nov 26 16:36:37 2020,1.02339506149292
Thu Nov 26 16:36:39 2020,0.9228591918945312
Thu Nov 26 16:36:41 2020,1.0228190422058105
Thu Nov 26 16:36:43 2020,1.033949851989746
Thu Nov 26 16:36:45 2020,1.03277587890625
Thu Nov 26 16:36:47 2020,1.0244059562683105
Thu Nov 26 16:36:49 2020,0.9814388751983643
Thu Nov 26 16:36:52 2020,1.0773169994354248
Thu Nov 26 16:36:54 2020,1.0182812213897705
Thu Nov 26 16:36:56 2020,1.0054409503936768
Thu Nov 26 16:36:58 2020,0.8900651931762695
Thu Nov 26 16:37:00 2020,1.0795478820800781
Thu Nov 26 16:37:02 2020,1.0025599002838135
Thu Nov 26 16:37:04 2020,1.024733066558838
Thu Nov 26 16:37:06 2020,1.0214989185333252
Thu Nov 26 16:37:08 2020,1.0298259258270264
Thu Nov 26 16:37:10 2020,1.0307579040527344
Thu Nov 26 16:37:12 2020,1.0253901481628418
Thu Nov 26 16:37:14 2020,1.031120777130127
Thu Nov 26 16:37:16 2020,1.0360791683197021
Thu Nov 26 16:37:18 2020,1.039111852645874
Thu Nov 26 16:37:20 2020,0.923306941986084
Thu Nov 26 16:37:22 2020,1.0135831832885742
Thu Nov 26 16:37:24 2020,0.9201741218566895
Thu Nov 26 16:37:26 2020,1.0393877029418945
Thu Nov 26 16:37:28 2020,1.0235989093780518
Thu Nov 26 16:37:31 2020,1.20461106300354
Thu Nov 26 16:37:32 2020,0.9224948883056641
Thu Nov 26 16:37:34 2020,0.9503989219665527
Thu Nov 26 16:37:36 2020,1.0076260566711426
Thu Nov 26 16:37:39 2020,1.0260858535766602
Thu Nov 26 16:37:40 2020,0.8787877559661865
Thu Nov 26 16:37:42 2020,0.9634089469909668
Thu Nov 26 16:37:44 2020,1.0259950160980225
Thu Nov 26 16:37:46 2020,0.9283738136291504
Thu Nov 26 16:37:48 2020,1.0228359699249268
Thu Nov 26 16:37:51 2020,1.034574031829834
Thu Nov 26 16:37:53 2020,1.035048007965088
Thu Nov 26 16:37:55 2020,1.0308430194854736
Thu Nov 26 16:37:57 2020,0.989001989364624
Thu Nov 26 16:37:59 2020,1.0673480033874512
Thu Nov 26 16:38:01 2020,0.9221189022064209
Thu Nov 26 16:38:03 2020,1.0240058898925781
Thu Nov 26 16:38:05 2020,0.8788101673126221
Thu Nov 26 16:38:07 2020,1.1046488285064697
Thu Nov 26 16:38:09 2020,0.8738560676574707
Thu Nov 26 16:38:11 2020,1.0477509498596191
Thu Nov 26 16:38:13 2020,0.9257919788360596
Thu Nov 26 16:38:15 2020,0.9188187122344971
Thu Nov 26 16:38:17 2020,0.9836039543151855
Thu Nov 26 16:38:19 2020,1.0578389167785645
Thu Nov 26 16:38:21 2020,0.8963332176208496
Thu Nov 26 16:38:23 2020,0.9340300559997559
Thu Nov 26 16:38:25 2020,0.932671308517456
Thu Nov 26 16:38:27 2020,0.931185245513916
Thu Nov 26 16:38:29 2020,1.0407040119171143
Thu Nov 26 16:38:31 2020,1.0821430683135986
Thu Nov 26 16:38:33 2020,0.9596688747406006
Thu Nov 26 16:38:35 2020,0.8571231365203857
Thu Nov 26 16:38:37 2020,0.887117862701416
Thu Nov 26 16:38:39 2020,0.8997461795806885
Thu Nov 26 16:38:41 2020,0.9443180561065674
Thu Nov 26 16:38:43 2020,0.9174177646636963
Thu Nov 26 16:38:45 2020,1.0207798480987549
Thu Nov 26 16:38:47 2020,1.019423007965088
Thu Nov 26 16:38:49 2020,1.0239899158477783
Thu Nov 26 16:38:51 2020,0.9553489685058594
Thu Nov 26 16:38:53 2020,1.0086431503295898
Thu Nov 26 16:38:55 2020,0.9239888191223145
Thu Nov 26 16:38:57 2020,0.9134941101074219
Thu Nov 26 16:38:59 2020,0.9400241374969482
Thu Nov 26 16:39:01 2020,1.020751953125
Thu Nov 26 16:39:03 2020,1.0545330047607422
Thu Nov 26 16:39:05 2020,0.8780269622802734
Thu Nov 26 16:39:07 2020,0.9669959545135498
Thu Nov 26 16:39:09 2020,0.9131481647491455
Thu Nov 26 16:39:10 2020,0.8706302642822266
Thu Nov 26 16:39:12 2020,0.9866738319396973
Thu Nov 26 16:39:14 2020,1.03580904006958
Thu Nov 26 16:39:16 2020,0.9529800415039062
Thu Nov 26 16:39:21 2020,2.0480101108551025
Thu Nov 26 16:39:23 2020,0.9200778007507324
Thu Nov 26 16:39:25 2020,0.8735852241516113
Thu Nov 26 16:39:27 2020,1.0896666049957275
Thu Nov 26 16:39:29 2020,1.0305421352386475
Thu Nov 26 16:39:31 2020,1.1116080284118652
Thu Nov 26 16:39:33 2020,1.1045429706573486
Thu Nov 26 16:39:35 2020,0.9204790592193604
Thu Nov 26 16:39:37 2020,0.9331676959991455
Thu Nov 26 16:39:39 2020,0.9338560104370117
Thu Nov 26 16:39:41 2020,1.042957067489624
Thu Nov 26 16:39:43 2020,1.008085012435913
Thu Nov 26 16:39:45 2020,0.962158203125
Thu Nov 26 16:39:47 2020,0.9887261390686035
Thu Nov 26 16:39:49 2020,0.9484689235687256
Thu Nov 26 16:39:51 2020,1.012091875076294
Thu Nov 26 16:39:53 2020,0.9300620555877686
Thu Nov 26 16:39:55 2020,1.022179126739502
Thu Nov 26 16:39:57 2020,1.0301270484924316
Thu Nov 26 16:39:59 2020,1.0345451831817627
Thu Nov 26 16:40:01 2020,0.9603619575500488
Thu Nov 26 16:40:03 2020,0.9050467014312744
Thu Nov 26 16:40:05 2020,1.0339128971099854
Thu Nov 26 16:40:07 2020,1.026228904724121
Thu Nov 26 16:40:09 2020,1.129094123840332
Thu Nov 26 16:40:12 2020,1.0395100116729736
Thu Nov 26 16:40:13 2020,0.9297571182250977
Thu Nov 26 16:40:15 2020,0.9310197830200195
Thu Nov 26 16:40:17 2020,1.0100538730621338
Thu Nov 26 16:40:20 2020,1.1018280982971191
Thu Nov 26 16:40:22 2020,0.8674898147583008
Thu Nov 26 16:40:24 2020,0.9872140884399414
Thu Nov 26 16:40:26 2020,0.9615249633789062
Thu Nov 26 16:40:28 2020,0.9838838577270508
Thu Nov 26 16:40:30 2020,1.0399329662322998
Thu Nov 26 16:40:32 2020,0.9177391529083252
Thu Nov 26 16:40:34 2020,0.9282612800598145
Thu Nov 26 16:40:36 2020,1.0341532230377197
Thu Nov 26 16:40:38 2020,1.0330989360809326
Thu Nov 26 16:40:40 2020,1.0327019691467285
Thu Nov 26 16:40:42 2020,0.9342837333679199
Thu Nov 26 16:40:44 2020,0.9501283168792725
Thu Nov 26 16:40:46 2020,1.0237419605255127
Thu Nov 26 16:40:48 2020,0.9205150604248047
Thu Nov 26 16:40:49 2020,0.8644042015075684
Thu Nov 26 16:40:51 2020,0.9810652732849121
Thu Nov 26 16:40:54 2020,1.0252869129180908
Thu Nov 26 16:40:55 2020,0.8776750564575195
Thu Nov 26 16:40:58 2020,1.0876500606536865
Thu Nov 26 16:41:00 2020,1.0184879302978516
Thu Nov 26 16:41:01 2020,0.9242870807647705
Thu Nov 26 16:41:04 2020,1.0222280025482178
Thu Nov 26 16:41:06 2020,1.0228700637817383
Thu Nov 26 16:41:07 2020,0.8921771049499512
Thu Nov 26 16:41:09 2020,0.963860034942627
Thu Nov 26 16:41:11 2020,0.931373119354248
Thu Nov 26 16:41:13 2020,0.8511631488800049
Thu Nov 26 16:41:15 2020,0.9836719036102295
Thu Nov 26 16:41:17 2020,0.9104471206665039
Thu Nov 26 16:41:19 2020,1.0032758712768555
Thu Nov 26 16:41:21 2020,0.9481658935546875
Thu Nov 26 16:41:23 2020,0.9972119331359863
Thu Nov 26 16:41:25 2020,1.0260579586029053
Thu Nov 26 16:41:27 2020,1.02353835105896
Thu Nov 26 16:41:29 2020,1.022383213043213
Thu Nov 26 16:41:32 2020,1.5280179977416992
Thu Nov 26 16:41:34 2020,1.005066156387329
Thu Nov 26 16:41:36 2020,1.026144027709961
Thu Nov 26 16:41:38 2020,0.9298219680786133
Thu Nov 26 16:41:40 2020,0.9469902515411377
Thu Nov 26 16:41:42 2020,1.010286808013916
Thu Nov 26 16:41:44 2020,1.0291399955749512
Thu Nov 26 16:41:46 2020,0.9012911319732666
Thu Nov 26 16:41:48 2020,1.0356791019439697
Thu Nov 26 16:41:50 2020,1.0449228286743164
Thu Nov 26 16:41:52 2020,0.929163932800293
Thu Nov 26 16:41:54 2020,0.9135229587554932
Thu Nov 26 16:41:56 2020,0.9235100746154785
Thu Nov 26 16:41:58 2020,0.9421827793121338
Thu Nov 26 16:42:00 2020,1.0136172771453857
Thu Nov 26 16:42:02 2020,0.9296057224273682
Thu Nov 26 16:42:04 2020,1.0268511772155762
Thu Nov 26 16:42:06 2020,1.047541856765747
Thu Nov 26 16:42:08 2020,1.0234355926513672
Thu Nov 26 16:42:10 2020,1.038635015487671
Thu Nov 26 16:42:12 2020,0.9207301139831543
Thu Nov 26 16:42:14 2020,1.0356390476226807
Thu Nov 26 16:42:16 2020,0.9181041717529297
Thu Nov 26 16:42:18 2020,1.063915729522705
Thu Nov 26 16:42:20 2020,0.985069990158081
Thu Nov 26 16:42:22 2020,0.9753422737121582
Thu Nov 26 16:42:24 2020,0.9309098720550537
Thu Nov 26 16:42:26 2020,1.0225300788879395
Thu Nov 26 16:42:28 2020,1.026149034500122
Thu Nov 26 16:42:30 2020,0.9285321235656738
Thu Nov 26 16:42:32 2020,0.9230990409851074
Thu Nov 26 16:42:34 2020,0.9233150482177734
Thu Nov 26 16:42:36 2020,0.8667399883270264
Thu Nov 26 16:42:38 2020,0.9738342761993408
Thu Nov 26 16:42:40 2020,1.0385563373565674
Thu Nov 26 16:42:42 2020,1.0219929218292236
Thu Nov 26 16:42:44 2020,0.9095768928527832
Thu Nov 26 16:42:46 2020,1.025075912475586
Thu Nov 26 16:42:48 2020,0.9327929019927979
Thu Nov 26 16:42:50 2020,1.131249189376831
Thu Nov 26 16:42:52 2020,1.017085075378418
Thu Nov 26 16:42:54 2020,0.9040000438690186
Thu Nov 26 16:42:56 2020,1.0201890468597412
Thu Nov 26 16:42:58 2020,0.9059531688690186
Thu Nov 26 16:43:00 2020,0.9159977436065674
Thu Nov 26 16:43:02 2020,1.114668846130371
Thu Nov 26 16:43:04 2020,0.9505460262298584
Thu Nov 26 16:43:06 2020,0.9830739498138428
Thu Nov 26 16:43:09 2020,1.159529209136963
Thu Nov 26 16:43:11 2020,0.9453730583190918
Thu Nov 26 16:43:13 2020,1.0932869911193848
Thu Nov 26 16:43:15 2020,1.0446031093597412
Thu Nov 26 16:43:17 2020,0.8736369609832764
Thu Nov 26 16:43:19 2020,1.0591537952423096
Thu Nov 26 16:43:21 2020,1.0103678703308105
Thu Nov 26 16:43:23 2020,1.0473432540893555
Thu Nov 26 16:43:25 2020,1.0171568393707275
Thu Nov 26 16:43:27 2020,1.1111581325531006
Thu Nov 26 16:43:29 2020,0.9382011890411377
Thu Nov 26 16:43:31 2020,1.3120930194854736
Thu Nov 26 16:43:34 2020,1.017888069152832
Thu Nov 26 16:43:36 2020,0.9883630275726318
Thu Nov 26 16:43:38 2020,1.1674911975860596
Thu Nov 26 16:43:40 2020,1.2230100631713867
Thu Nov 26 16:43:42 2020,1.0283787250518799
Thu Nov 26 16:43:44 2020,0.9077639579772949
Thu Nov 26 16:43:46 2020,0.9285378456115723
Thu Nov 26 16:43:48 2020,1.0315439701080322
Thu Nov 26 16:43:50 2020,1.033663034439087
Thu Nov 26 16:43:53 2020,1.0367920398712158
Thu Nov 26 16:43:55 2020,1.2365632057189941
Thu Nov 26 16:43:57 2020,1.0391643047332764
Thu Nov 26 16:44:00 2020,1.060154914855957
Thu Nov 26 16:44:02 2020,1.0146849155426025
Thu Nov 26 16:44:04 2020,1.2245090007781982
Thu Nov 26 16:44:06 2020,0.9958920478820801
Thu Nov 26 16:44:08 2020,0.9527459144592285
Thu Nov 26 16:44:10 2020,1.0305800437927246
Thu Nov 26 16:44:12 2020,0.9241759777069092
Thu Nov 26 16:44:14 2020,1.0196020603179932
Thu Nov 26 16:44:16 2020,1.008225917816162
Thu Nov 26 16:44:18 2020,1.0058138370513916
Thu Nov 26 16:44:20 2020,1.1082751750946045
Thu Nov 26 16:44:22 2020,1.0226809978485107
Thu Nov 26 16:44:24 2020,0.9233102798461914
Thu Nov 26 16:44:26 2020,0.915457010269165
Thu Nov 26 16:44:28 2020,1.0777919292449951
Thu Nov 26 16:44:30 2020,1.0364208221435547
Thu Nov 26 16:44:33 2020,1.189927101135254
Thu Nov 26 16:44:35 2020,0.9984891414642334
Thu Nov 26 16:44:37 2020,0.9200119972229004
Thu Nov 26 16:44:39 2020,0.9949970245361328
Thu Nov 26 16:44:41 2020,0.8754098415374756
Thu Nov 26 16:44:43 2020,0.9594879150390625
Thu Nov 26 16:44:45 2020,1.0204050540924072
Thu Nov 26 16:44:47 2020,1.218122959136963
Thu Nov 26 16:44:49 2020,0.9121379852294922
Thu Nov 26 16:44:51 2020,1.0030310153961182
Thu Nov 26 16:44:53 2020,0.9397528171539307
Thu Nov 26 16:44:55 2020,1.0410637855529785
Thu Nov 26 16:44:57 2020,1.015537977218628
Thu Nov 26 16:44:59 2020,1.018151044845581
Thu Nov 26 16:45:01 2020,1.0189051628112793
Thu Nov 26 16:45:03 2020,0.9238190650939941
Thu Nov 26 16:45:05 2020,1.1040139198303223
Thu Nov 26 16:45:07 2020,1.0218250751495361
Thu Nov 26 16:45:09 2020,0.9316470623016357
Thu Nov 26 16:45:11 2020,1.2326278686523438
Thu Nov 26 16:45:13 2020,0.8822710514068604
Thu Nov 26 16:45:15 2020,0.9879112243652344
Thu Nov 26 16:45:17 2020,0.8855719566345215
Thu Nov 26 16:45:19 2020,1.0841240882873535
Thu Nov 26 16:45:21 2020,0.9588017463684082
Thu Nov 26 16:45:23 2020,0.9755880832672119
Thu Nov 26 16:45:25 2020,0.9228129386901855
Thu Nov 26 16:45:27 2020,1.1230311393737793
Thu Nov 26 16:45:29 2020,1.0196630954742432
Thu Nov 26 16:45:33 2020,2.259232997894287
Thu Nov 26 16:45:35 2020,1.2165288925170898
Thu Nov 26 16:45:37 2020,1.0024151802062988
Thu Nov 26 16:45:39 2020,1.0078089237213135
Thu Nov 26 16:45:41 2020,1.0206358432769775
Thu Nov 26 16:45:43 2020,1.024827003479004
Thu Nov 26 16:45:45 2020,1.0316228866577148
Thu Nov 26 16:45:47 2020,1.0231890678405762
Thu Nov 26 16:45:49 2020,1.0282752513885498
Thu Nov 26 16:45:51 2020,0.9331719875335693
Thu Nov 26 16:45:53 2020,1.0388200283050537
Thu Nov 26 16:45:55 2020,1.014798641204834
Thu Nov 26 16:45:57 2020,0.9663779735565186
Thu Nov 26 16:45:59 2020,1.0968420505523682
Thu Nov 26 16:46:02 2020,1.0253572463989258
Thu Nov 26 16:46:03 2020,0.9359359741210938
Thu Nov 26 16:46:05 2020,0.9975202083587646
Thu Nov 26 16:46:08 2020,1.060654878616333
Thu Nov 26 16:46:10 2020,1.0240159034729004
Thu Nov 26 16:46:12 2020,0.9385159015655518
Thu Nov 26 16:46:14 2020,0.9242680072784424
Thu Nov 26 16:46:16 2020,1.0228731632232666
Thu Nov 26 16:46:18 2020,1.013719081878662
Thu Nov 26 16:46:20 2020,1.0251357555389404
Thu Nov 26 16:46:22 2020,1.0327961444854736
Thu Nov 26 16:46:24 2020,0.934053897857666
Thu Nov 26 16:46:26 2020,0.9216070175170898
Thu Nov 26 16:46:28 2020,0.9195408821105957
Thu Nov 26 16:46:30 2020,1.0251901149749756
Thu Nov 26 16:46:32 2020,1.0151710510253906
Thu Nov 26 16:46:34 2020,0.9621877670288086
Thu Nov 26 16:46:36 2020,0.9708609580993652
Thu Nov 26 16:46:38 2020,0.901630163192749
Thu Nov 26 16:46:40 2020,1.099794864654541
Thu Nov 26 16:46:42 2020,1.0077691078186035
Thu Nov 26 16:46:44 2020,1.0166370868682861
Thu Nov 26 16:46:46 2020,1.0407838821411133
Thu Nov 26 16:46:48 2020,0.8963377475738525
Thu Nov 26 16:46:50 2020,1.0473589897155762
Thu Nov 26 16:46:52 2020,0.9322052001953125
Thu Nov 26 16:46:54 2020,1.0250680446624756
Thu Nov 26 16:46:56 2020,1.024838924407959
Thu Nov 26 16:46:58 2020,0.9182231426239014
Thu Nov 26 16:47:00 2020,0.9213221073150635
Thu Nov 26 16:47:02 2020,0.941016674041748
Thu Nov 26 16:47:04 2020,0.9109327793121338
Thu Nov 26 16:47:07 2020,2.152355194091797
Thu Nov 26 16:47:09 2020,0.8717551231384277
Thu Nov 26 16:47:11 2020,1.0758659839630127
Thu Nov 26 16:47:13 2020,1.0111119747161865
Thu Nov 26 16:47:15 2020,0.9212741851806641
Thu Nov 26 16:47:17 2020,1.024651050567627
Thu Nov 26 16:47:19 2020,1.4196369647979736
Thu Nov 26 16:47:22 2020,1.3377749919891357
Thu Nov 26 16:47:24 2020,0.9210371971130371
Thu Nov 26 16:47:26 2020,1.0161828994750977
Thu Nov 26 16:47:28 2020,1.0268909931182861
Thu Nov 26 16:47:30 2020,1.012092113494873
Thu Nov 26 16:47:32 2020,1.3061020374298096
Thu Nov 26 16:47:35 2020,1.487596035003662
Thu Nov 26 16:47:37 2020,0.9149372577667236
Thu Nov 26 16:47:39 2020,0.9180541038513184
Thu Nov 26 16:47:41 2020,1.0049560070037842
Thu Nov 26 16:47:43 2020,0.8935658931732178
Thu Nov 26 16:47:45 2020,1.0847752094268799
Thu Nov 26 16:47:47 2020,1.0239241123199463
Thu Nov 26 16:47:49 2020,1.0146129131317139
Thu Nov 26 16:47:51 2020,0.9843971729278564
Thu Nov 26 16:47:53 2020,1.2659900188446045
Thu Nov 26 16:47:55 2020,1.0237622261047363
Thu Nov 26 16:47:57 2020,1.019014835357666
Thu Nov 26 16:47:59 2020,1.019651174545288
Thu Nov 26 16:48:02 2020,1.1225249767303467
Thu Nov 26 16:48:04 2020,1.4335501194000244
Thu Nov 26 16:48:06 2020,1.1284050941467285
Thu Nov 26 16:48:08 2020,1.1236259937286377
Thu Nov 26 16:48:10 2020,0.9249858856201172
Thu Nov 26 16:48:12 2020,1.0255239009857178
Thu Nov 26 16:48:14 2020,1.1368277072906494
Thu Nov 26 16:48:16 2020,1.0033671855926514
Thu Nov 26 16:48:19 2020,1.0320262908935547
Thu Nov 26 16:48:21 2020,1.5292878150939941
Thu Nov 26 16:48:23 2020,1.013159990310669
Thu Nov 26 16:48:25 2020,0.9273037910461426
Thu Nov 26 16:48:27 2020,1.1328988075256348
Thu Nov 26 16:48:29 2020,0.9205570220947266
Thu Nov 26 16:48:31 2020,1.1055269241333008
Thu Nov 26 16:48:33 2020,0.9243779182434082
Thu Nov 26 16:48:35 2020,0.933851957321167
Thu Nov 26 16:48:37 2020,1.0641307830810547
Thu Nov 26 16:48:40 2020,1.1201558113098145
Thu Nov 26 16:48:42 2020,1.0257620811462402
Thu Nov 26 16:48:44 2020,0.9224367141723633
Thu Nov 26 16:48:46 2020,1.0219221115112305
Thu Nov 26 16:48:48 2020,1.0312283039093018
Thu Nov 26 16:48:50 2020,1.0092990398406982
Thu Nov 26 16:48:52 2020,1.1646671295166016
Thu Nov 26 16:48:54 2020,0.9095287322998047
Thu Nov 26 16:48:56 2020,1.029477834701538
Thu Nov 26 16:48:58 2020,1.020251989364624
Thu Nov 26 16:49:00 2020,1.119323968887329
Thu Nov 26 16:49:02 2020,1.0396442413330078
Thu Nov 26 16:49:04 2020,0.966088056564331
Thu Nov 26 16:49:06 2020,1.1747126579284668
Thu Nov 26 16:49:09 2020,1.1314198970794678
Thu Nov 26 16:49:10 2020,0.9052920341491699
Thu Nov 26 16:49:13 2020,1.1215660572052002
Thu Nov 26 16:49:15 2020,1.1199390888214111
Thu Nov 26 16:49:17 2020,1.1326768398284912
Thu Nov 26 16:49:19 2020,1.1246662139892578
Thu Nov 26 16:49:21 2020,1.006199836730957
Thu Nov 26 16:49:23 2020,0.9345400333404541
Thu Nov 26 16:49:25 2020,0.9455611705780029
Thu Nov 26 16:49:27 2020,1.121021032333374
Thu Nov 26 16:49:29 2020,1.1383919715881348
Thu Nov 26 16:49:31 2020,1.0270850658416748
Thu Nov 26 16:49:33 2020,1.1014900207519531
Thu Nov 26 16:49:36 2020,1.0488741397857666
Thu Nov 26 16:49:38 2020,1.2109720706939697
Thu Nov 26 16:49:40 2020,1.1245980262756348
Thu Nov 26 16:49:42 2020,1.024777889251709
Thu Nov 26 16:49:44 2020,1.0378730297088623
Thu Nov 26 16:49:46 2020,1.3646461963653564
Thu Nov 26 16:49:49 2020,1.0919220447540283
Thu Nov 26 16:49:50 2020,0.8736848831176758
Thu Nov 26 16:49:52 2020,0.9691019058227539
Thu Nov 26 16:49:54 2020,1.0136022567749023
Thu Nov 26 16:49:56 2020,0.9280991554260254
Thu Nov 26 16:49:58 2020,0.9145452976226807
Thu Nov 26 16:50:01 2020,1.429513931274414
Thu Nov 26 16:50:03 2020,0.9134640693664551
Thu Nov 26 16:50:05 2020,1.0204908847808838
Thu Nov 26 16:50:07 2020,1.213865041732788
Thu Nov 26 16:50:09 2020,1.1082088947296143
Thu Nov 26 16:50:11 2020,1.1152429580688477
Thu Nov 26 16:50:14 2020,1.1260428428649902
Thu Nov 26 16:50:16 2020,1.2261021137237549
Thu Nov 26 16:50:18 2020,1.0638010501861572
Thu Nov 26 16:50:20 2020,0.9497890472412109
Thu Nov 26 16:50:22 2020,0.9963109493255615
Thu Nov 26 16:50:24 2020,1.117656946182251
Thu Nov 26 16:50:26 2020,0.886627197265625
Thu Nov 26 16:50:28 2020,1.0297319889068604
Thu Nov 26 16:50:30 2020,1.2595648765563965
Thu Nov 26 16:50:33 2020,1.1965818405151367
Thu Nov 26 16:50:35 2020,1.0277178287506104
Thu Nov 26 16:50:37 2020,0.9774019718170166
Thu Nov 26 16:50:39 2020,0.9335107803344727
Thu Nov 26 16:50:41 2020,0.9040920734405518
Thu Nov 26 16:50:43 2020,1.014237880706787
Thu Nov 26 16:50:45 2020,1.118314266204834
Thu Nov 26 16:50:47 2020,0.9155881404876709
Thu Nov 26 16:50:49 2020,0.9840009212493896
Thu Nov 26 16:50:51 2020,1.0170691013336182
Thu Nov 26 16:50:53 2020,0.9894838333129883
Thu Nov 26 16:50:55 2020,1.4240069389343262
Thu Nov 26 16:50:57 2020,1.1306710243225098
Thu Nov 26 16:50:59 2020,0.9352610111236572
Thu Nov 26 16:51:02 2020,1.1279661655426025
Thu Nov 26 16:51:04 2020,1.0046930313110352
Thu Nov 26 16:51:06 2020,0.9707493782043457
Thu Nov 26 16:51:08 2020,0.9719328880310059
Thu Nov 26 16:51:10 2020,1.1285760402679443
Thu Nov 26 16:51:12 2020,1.0338890552520752
Thu Nov 26 16:51:14 2020,1.0195949077606201
Thu Nov 26 16:51:16 2020,1.028761863708496
Thu Nov 26 16:51:18 2020,1.1439621448516846
Thu Nov 26 16:51:20 2020,1.1438438892364502
Thu Nov 26 16:51:23 2020,1.1088690757751465
Thu Nov 26 16:51:25 2020,1.0777220726013184
Thu Nov 26 16:51:27 2020,1.1178572177886963
Thu Nov 26 16:51:29 2020,1.1151390075683594
Thu Nov 26 16:51:31 2020,0.9330251216888428
Thu Nov 26 16:51:33 2020,0.9920361042022705
Thu Nov 26 16:51:35 2020,1.0069999694824219
Thu Nov 26 16:51:37 2020,1.0443918704986572
Thu Nov 26 16:51:39 2020,0.9181969165802002
Thu Nov 26 16:51:41 2020,0.9151530265808105
Thu Nov 26 16:51:43 2020,1.0160579681396484
Thu Nov 26 16:51:45 2020,0.9184672832489014
Thu Nov 26 16:51:47 2020,1.0105998516082764
Thu Nov 26 16:51:49 2020,1.0080327987670898
Thu Nov 26 16:51:51 2020,1.1364431381225586
Thu Nov 26 16:51:53 2020,1.0323398113250732
Thu Nov 26 16:51:55 2020,1.0029330253601074
Thu Nov 26 16:51:57 2020,0.9137568473815918
Thu Nov 26 16:51:59 2020,1.0370309352874756
Thu Nov 26 16:52:02 2020,1.3512020111083984
Thu Nov 26 16:52:04 2020,0.9201438426971436
Thu Nov 26 16:52:06 2020,0.9826083183288574
Thu Nov 26 16:52:08 2020,1.0131220817565918
Thu Nov 26 16:52:10 2020,1.006392002105713
Thu Nov 26 16:52:12 2020,1.1235299110412598
Thu Nov 26 16:52:14 2020,1.021697998046875
Thu Nov 26 16:52:16 2020,1.1113128662109375
Thu Nov 26 16:52:18 2020,1.0355288982391357
Thu Nov 26 16:52:20 2020,0.987879753112793
Thu Nov 26 16:52:22 2020,0.9583799839019775
Thu Nov 26 16:52:24 2020,1.0872571468353271
Thu Nov 26 16:52:27 2020,1.1282687187194824
Thu Nov 26 16:52:29 2020,1.025264024734497
Thu Nov 26 16:52:31 2020,1.13897705078125
Thu Nov 26 16:52:33 2020,1.0094630718231201
Thu Nov 26 16:52:35 2020,1.0227091312408447
Thu Nov 26 16:52:37 2020,1.031048059463501
Thu Nov 26 16:52:39 2020,1.0153989791870117
Thu Nov 26 16:52:41 2020,1.0156269073486328
Thu Nov 26 16:52:43 2020,1.0068979263305664
Thu Nov 26 16:52:45 2020,0.9248349666595459
Thu Nov 26 16:52:47 2020,0.9723398685455322
Thu Nov 26 16:52:49 2020,0.9835898876190186
Thu Nov 26 16:52:51 2020,0.962191104888916
Thu Nov 26 16:52:53 2020,1.0786628723144531
Thu Nov 26 16:52:55 2020,1.0123581886291504
Thu Nov 26 16:52:57 2020,0.9291112422943115
Thu Nov 26 16:52:59 2020,1.0424838066101074
Thu Nov 26 16:53:01 2020,1.0220909118652344
Thu Nov 26 16:53:03 2020,0.9232571125030518
Thu Nov 26 16:53:05 2020,0.9072368144989014
Thu Nov 26 16:53:07 2020,1.0414462089538574
Thu Nov 26 16:53:09 2020,0.9171159267425537
Thu Nov 26 16:53:11 2020,1.0197088718414307
Thu Nov 26 16:53:13 2020,1.0170791149139404
Thu Nov 26 16:53:15 2020,1.0170259475708008
Thu Nov 26 16:53:17 2020,1.1080639362335205
Thu Nov 26 16:53:19 2020,0.9424030780792236
Thu Nov 26 16:53:21 2020,1.0277299880981445
Thu Nov 26 16:53:24 2020,1.01521897315979
Thu Nov 26 16:53:26 2020,1.118407964706421
Thu Nov 26 16:53:28 2020,1.011199951171875
Thu Nov 26 16:53:30 2020,1.2886521816253662
Thu Nov 26 16:53:32 2020,1.039551019668579
Thu Nov 26 16:53:34 2020,1.1126070022583008
Thu Nov 26 16:53:36 2020,1.0092129707336426
Thu Nov 26 16:53:38 2020,1.0540637969970703
Thu Nov 26 16:53:41 2020,1.1163880825042725
Thu Nov 26 16:53:43 2020,0.9148318767547607
Thu Nov 26 16:53:45 2020,0.9183681011199951
Thu Nov 26 16:53:47 2020,1.0350332260131836
Thu Nov 26 16:53:49 2020,1.0180010795593262
Thu Nov 26 16:53:51 2020,1.0196118354797363
Thu Nov 26 16:53:53 2020,1.1096630096435547
Thu Nov 26 16:53:55 2020,1.0108909606933594
Thu Nov 26 16:53:57 2020,1.033653974533081
Thu Nov 26 16:53:59 2020,0.9986460208892822
Thu Nov 26 16:54:01 2020,0.9297780990600586
Thu Nov 26 16:54:03 2020,0.9994380474090576
Thu Nov 26 16:54:05 2020,0.9967951774597168
Thu Nov 26 16:54:07 2020,1.0226359367370605
Thu Nov 26 16:54:09 2020,0.9986171722412109
Thu Nov 26 16:54:11 2020,1.0674660205841064
Thu Nov 26 16:54:13 2020,1.0212678909301758
Thu Nov 26 16:54:15 2020,1.0177092552185059
Thu Nov 26 16:54:17 2020,1.2261219024658203
Thu Nov 26 16:54:20 2020,1.1465909481048584
Thu Nov 26 16:54:22 2020,1.0230319499969482
Thu Nov 26 16:54:24 2020,1.3049449920654297
Thu Nov 26 16:54:26 2020,1.111386775970459
Thu Nov 26 16:54:28 2020,1.098357915878296
Thu Nov 26 16:54:31 2020,1.1797881126403809
Thu Nov 26 16:54:33 2020,1.0746448040008545
Thu Nov 26 16:54:35 2020,1.1191833019256592
Thu Nov 26 16:54:37 2020,0.9422211647033691
Thu Nov 26 16:54:39 2020,1.1663818359375
Thu Nov 26 16:54:41 2020,1.0220489501953125
Thu Nov 26 16:54:43 2020,0.8954317569732666
Thu Nov 26 16:54:45 2020,0.9150102138519287
Thu Nov 26 16:54:47 2020,1.0334420204162598
Thu Nov 26 16:54:49 2020,1.121016025543213
Thu Nov 26 16:54:51 2020,1.2284150123596191
Thu Nov 26 16:54:53 2020,1.0249958038330078
Thu Nov 26 16:54:55 2020,1.0372679233551025
Thu Nov 26 16:54:58 2020,0.9996891021728516
Thu Nov 26 16:55:00 2020,0.9532849788665771
Thu Nov 26 16:55:02 2020,0.9864928722381592
Thu Nov 26 16:55:04 2020,1.1314730644226074
Thu Nov 26 16:55:06 2020,1.01631498336792
Thu Nov 26 16:55:08 2020,1.0138769149780273
Thu Nov 26 16:55:10 2020,1.0258049964904785
Thu Nov 26 16:55:12 2020,1.119093656539917
Thu Nov 26 16:55:14 2020,1.237088918685913
Thu Nov 26 16:55:16 2020,1.1359379291534424
Thu Nov 26 16:55:19 2020,1.1739699840545654
Thu Nov 26 16:55:21 2020,1.322364091873169
Thu Nov 26 16:55:23 2020,1.0562119483947754
Thu Nov 26 16:55:25 2020,1.0654332637786865
Thu Nov 26 16:55:27 2020,1.0192360877990723
Thu Nov 26 16:55:29 2020,0.9397249221801758
Thu Nov 26 16:55:31 2020,1.040827751159668
Thu Nov 26 16:55:34 2020,1.206373929977417
Thu Nov 26 16:55:36 2020,0.9113729000091553
Thu Nov 26 16:55:38 2020,1.0469281673431396
Thu Nov 26 16:55:40 2020,1.3221979141235352
Thu Nov 26 16:55:42 2020,1.0182740688323975
Thu Nov 26 16:55:44 2020,1.017381191253662
Thu Nov 26 16:55:46 2020,1.127861738204956
Thu Nov 26 16:55:48 2020,1.0182487964630127
Thu Nov 26 16:55:50 2020,1.141388177871704
Thu Nov 26 16:55:53 2020,1.1573221683502197
Thu Nov 26 16:55:55 2020,1.003282070159912
Thu Nov 26 16:55:57 2020,1.013746976852417
Thu Nov 26 16:55:59 2020,1.0581791400909424
Thu Nov 26 16:56:01 2020,0.9252579212188721
Thu Nov 26 16:56:03 2020,1.106297254562378
Thu Nov 26 16:56:05 2020,1.2059142589569092
Thu Nov 26 16:56:07 2020,1.0983779430389404
Thu Nov 26 16:56:09 2020,0.8716428279876709
Thu Nov 26 16:56:11 2020,0.9642171859741211
Thu Nov 26 16:56:13 2020,1.0225846767425537
Thu Nov 26 16:56:15 2020,0.91109299659729
Thu Nov 26 16:56:17 2020,1.0202529430389404
Thu Nov 26 16:56:19 2020,1.08412504196167
Thu Nov 26 16:56:22 2020,0.9720251560211182
Thu Nov 26 16:56:24 2020,0.9564120769500732
Thu Nov 26 16:56:26 2020,1.0189979076385498
Thu Nov 26 16:56:28 2020,1.1188099384307861
Thu Nov 26 16:56:30 2020,0.9537348747253418
Thu Nov 26 16:56:32 2020,1.0940520763397217
Thu Nov 26 16:56:34 2020,0.8694188594818115
Thu Nov 26 16:56:36 2020,1.0634868144989014
Thu Nov 26 16:56:38 2020,1.090757131576538
Thu Nov 26 16:56:40 2020,0.9776949882507324
Thu Nov 26 16:56:42 2020,1.123194932937622
Thu Nov 26 16:56:44 2020,1.0236079692840576
Thu Nov 26 16:56:46 2020,1.0305447578430176
Thu Nov 26 16:56:48 2020,0.9195928573608398
Thu Nov 26 16:56:50 2020,0.9322481155395508
Thu Nov 26 16:56:52 2020,0.8898649215698242
Thu Nov 26 16:56:54 2020,1.0742321014404297
Thu Nov 26 16:56:56 2020,1.0111010074615479
Thu Nov 26 16:56:58 2020,1.024789810180664
Thu Nov 26 16:57:00 2020,0.9258420467376709
Thu Nov 26 16:57:02 2020,0.9194839000701904
Thu Nov 26 16:57:04 2020,1.026906967163086
Thu Nov 26 16:57:06 2020,1.130251169204712
Thu Nov 26 16:57:08 2020,1.021291971206665
Thu Nov 26 16:57:10 2020,1.0166029930114746
Thu Nov 26 16:57:12 2020,1.0326769351959229
Thu Nov 26 16:57:14 2020,1.0182678699493408
Thu Nov 26 16:57:16 2020,1.0239012241363525
Thu Nov 26 16:57:19 2020,1.0165281295776367
Thu Nov 26 16:57:22 2020,1.024461030960083
Thu Nov 26 16:57:24 2020,0.9174013137817383
Thu Nov 26 16:57:26 2020,1.021308183670044
Thu Nov 26 16:57:28 2020,0.9204850196838379
Thu Nov 26 16:57:30 2020,1.079035997390747
Thu Nov 26 16:57:32 2020,0.9716010093688965
Thu Nov 26 16:57:34 2020,1.0236337184906006
Thu Nov 26 16:57:36 2020,1.1148030757904053
Thu Nov 26 16:57:38 2020,1.0231890678405762
Thu Nov 26 16:57:40 2020,0.9329960346221924
Thu Nov 26 16:57:42 2020,0.9181792736053467
Thu Nov 26 16:57:44 2020,1.0234832763671875
Thu Nov 26 16:57:46 2020,1.0227360725402832
Thu Nov 26 16:57:48 2020,1.0229408740997314
Thu Nov 26 16:57:50 2020,0.9828948974609375
Thu Nov 26 16:57:52 2020,0.9673259258270264
Thu Nov 26 16:57:54 2020,1.0127239227294922
Thu Nov 26 16:57:56 2020,0.9636809825897217
Thu Nov 26 16:57:58 2020,1.0726869106292725
Thu Nov 26 16:58:01 2020,1.0217010974884033
Thu Nov 26 16:58:03 2020,1.0210120677947998
Thu Nov 26 16:58:05 2020,1.019096851348877
Thu Nov 26 16:58:07 2020,0.9864380359649658
Thu Nov 26 16:58:09 2020,1.0602290630340576
Thu Nov 26 16:58:11 2020,1.1176879405975342
Thu Nov 26 16:58:13 2020,1.0091001987457275
Thu Nov 26 16:58:15 2020,1.0243558883666992
Thu Nov 26 16:58:17 2020,1.1313362121582031
Thu Nov 26 16:58:19 2020,1.133141040802002
Thu Nov 26 16:58:21 2020,0.8990468978881836
Thu Nov 26 16:58:23 2020,1.094914197921753
Thu Nov 26 16:58:25 2020,0.9194009304046631
Thu Nov 26 16:58:27 2020,0.9190700054168701
Thu Nov 26 16:58:29 2020,1.0298049449920654
Thu Nov 26 16:58:31 2020,0.9516949653625488
Thu Nov 26 16:58:33 2020,0.9253401756286621
Thu Nov 26 16:58:35 2020,1.007206916809082
Thu Nov 26 16:58:37 2020,1.0266518592834473
Thu Nov 26 16:58:40 2020,1.1185410022735596
Thu Nov 26 16:58:42 2020,1.018441915512085
Thu Nov 26 16:58:44 2020,0.9210150241851807
Thu Nov 26 16:58:46 2020,0.9843971729278564
Thu Nov 26 16:58:48 2020,1.062803030014038
Thu Nov 26 16:58:50 2020,0.9184589385986328
Thu Nov 26 16:58:52 2020,0.995307207107544
Thu Nov 26 16:58:54 2020,1.044482946395874
Thu Nov 26 16:58:56 2020,0.9106612205505371
Thu Nov 26 16:58:58 2020,1.0483520030975342
Thu Nov 26 16:59:00 2020,0.928818941116333
Thu Nov 26 16:59:02 2020,1.1308181285858154
Thu Nov 26 16:59:04 2020,1.0260391235351562
Thu Nov 26 16:59:06 2020,1.0231618881225586
Thu Nov 26 16:59:08 2020,1.033324956893921
Thu Nov 26 16:59:10 2020,0.9353780746459961
Thu Nov 26 16:59:12 2020,1.0348739624023438
Thu Nov 26 16:59:14 2020,0.9149570465087891
Thu Nov 26 16:59:16 2020,0.9230871200561523
Thu Nov 26 16:59:18 2020,0.929786205291748
Thu Nov 26 16:59:20 2020,1.1253409385681152
Thu Nov 26 16:59:22 2020,0.9225201606750488
Thu Nov 26 16:59:24 2020,1.0380878448486328
Thu Nov 26 16:59:26 2020,1.012706995010376
Thu Nov 26 16:59:28 2020,0.9242980480194092
Thu Nov 26 16:59:30 2020,1.0522596836090088
Thu Nov 26 16:59:32 2020,0.9204549789428711
Thu Nov 26 16:59:34 2020,1.0337109565734863
Thu Nov 26 16:59:36 2020,0.9593710899353027
Thu Nov 26 16:59:38 2020,1.0068418979644775
Thu Nov 26 16:59:40 2020,0.9237759113311768
Thu Nov 26 16:59:42 2020,0.9237990379333496
Thu Nov 26 16:59:44 2020,0.8919398784637451
Thu Nov 26 16:59:46 2020,0.9566218852996826
Thu Nov 26 16:59:48 2020,0.9202711582183838
Thu Nov 26 16:59:50 2020,0.929995059967041
Thu Nov 26 16:59:52 2020,0.9128613471984863
Thu Nov 26 16:59:54 2020,1.0228819847106934
Thu Nov 26 16:59:56 2020,0.9247729778289795
Thu Nov 26 16:59:58 2020,1.0266568660736084
Thu Nov 26 17:00:00 2020,1.0337679386138916
Thu Nov 26 17:00:02 2020,0.9337799549102783
Thu Nov 26 17:00:04 2020,0.9224593639373779
Thu Nov 26 17:00:06 2020,1.0185589790344238
Thu Nov 26 17:00:08 2020,0.9312009811401367
Thu Nov 26 17:00:10 2020,1.0253560543060303
Thu Nov 26 17:00:12 2020,0.9330039024353027
Thu Nov 26 17:00:14 2020,0.9870719909667969
Thu Nov 26 17:00:16 2020,1.0699870586395264
Thu Nov 26 17:00:18 2020,1.057974100112915
Thu Nov 26 17:00:20 2020,1.0249457359313965
Thu Nov 26 17:00:22 2020,0.8814291954040527
Thu Nov 26 17:00:24 2020,0.9817728996276855
Thu Nov 26 17:00:26 2020,1.025130033493042
Thu Nov 26 17:00:28 2020,0.9289820194244385
Thu Nov 26 17:00:30 2020,1.0680789947509766
Thu Nov 26 17:00:32 2020,1.1005711555480957
Thu Nov 26 17:00:34 2020,1.0358068943023682
Thu Nov 26 17:00:36 2020,0.9854569435119629
Thu Nov 26 17:00:38 2020,0.8965280055999756
Thu Nov 26 17:00:40 2020,1.0451891422271729
Thu Nov 26 17:00:42 2020,1.0359878540039062
Thu Nov 26 17:00:44 2020,1.0195362567901611
Thu Nov 26 17:00:46 2020,0.9222571849822998
Thu Nov 26 17:00:48 2020,0.9070720672607422
Thu Nov 26 17:00:50 2020,0.9494829177856445
Thu Nov 26 17:00:52 2020,0.9312119483947754
Thu Nov 26 17:00:54 2020,1.0392510890960693
Thu Nov 26 17:00:56 2020,1.0275781154632568
Thu Nov 26 17:00:58 2020,0.9916212558746338
Thu Nov 26 17:01:00 2020,1.073110818862915
Thu Nov 26 17:01:02 2020,0.9299170970916748
Thu Nov 26 17:01:04 2020,0.926602840423584
Thu Nov 26 17:01:06 2020,0.973167896270752
Thu Nov 26 17:01:08 2020,1.0825848579406738
Thu Nov 26 17:01:10 2020,1.0324127674102783
Thu Nov 26 17:01:12 2020,1.040740966796875
Thu Nov 26 17:01:14 2020,1.0313150882720947
Thu Nov 26 17:01:16 2020,0.9221179485321045
Thu Nov 26 17:01:18 2020,1.1264009475708008
Thu Nov 26 17:01:20 2020,1.1066360473632812
Thu Nov 26 17:01:23 2020,1.0548620223999023
Thu Nov 26 17:01:24 2020,0.9228360652923584
Thu Nov 26 17:01:27 2020,1.0214557647705078
Thu Nov 26 17:01:28 2020,0.9323608875274658
Thu Nov 26 17:01:31 2020,1.168821096420288
Thu Nov 26 17:01:33 2020,0.8927547931671143
Thu Nov 26 17:01:35 2020,1.212134838104248
Thu Nov 26 17:01:37 2020,0.9915411472320557
Thu Nov 26 17:01:39 2020,1.0102488994598389
Thu Nov 26 17:01:41 2020,0.9794890880584717
Thu Nov 26 17:01:43 2020,0.9326269626617432
Thu Nov 26 17:01:45 2020,1.021752119064331
Thu Nov 26 17:01:47 2020,0.919950008392334
Thu Nov 26 17:01:49 2020,0.9240479469299316
Thu Nov 26 17:01:51 2020,0.9575309753417969
Thu Nov 26 17:01:53 2020,0.9870848655700684
Thu Nov 26 17:01:55 2020,1.0250990390777588
Thu Nov 26 17:01:57 2020,0.9252252578735352
Thu Nov 26 17:01:59 2020,1.026045799255371
Thu Nov 26 17:02:01 2020,0.9237358570098877
Thu Nov 26 17:02:03 2020,1.0456209182739258
Thu Nov 26 17:02:05 2020,1.0183119773864746
Thu Nov 26 17:02:07 2020,0.8809731006622314
Thu Nov 26 17:02:09 2020,0.9655911922454834
Thu Nov 26 17:02:11 2020,1.0330429077148438
Thu Nov 26 17:02:13 2020,1.119269847869873
Thu Nov 26 17:02:15 2020,1.0343470573425293
Thu Nov 26 17:02:17 2020,1.005802869796753
Thu Nov 26 17:02:19 2020,1.127824068069458
Thu Nov 26 17:02:21 2020,0.9587728977203369
Thu Nov 26 17:02:23 2020,0.983936071395874
Thu Nov 26 17:02:25 2020,1.0222830772399902
Thu Nov 26 17:02:27 2020,0.9319591522216797
Thu Nov 26 17:02:29 2020,1.0239131450653076
Thu Nov 26 17:02:32 2020,1.034372091293335
Thu Nov 26 17:02:34 2020,1.0341098308563232
Thu Nov 26 17:02:36 2020,0.9247329235076904
Thu Nov 26 17:02:38 2020,1.0341060161590576
Thu Nov 26 17:02:40 2020,1.0387580394744873
Thu Nov 26 17:02:42 2020,0.9343681335449219
Thu Nov 26 17:02:44 2020,1.012387752532959
Thu Nov 26 17:02:46 2020,1.0409221649169922
Thu Nov 26 17:02:48 2020,1.0124731063842773
Thu Nov 26 17:02:50 2020,1.024902105331421
Thu Nov 26 17:02:52 2020,0.8830668926239014
Thu Nov 26 17:02:54 2020,1.0670173168182373
Thu Nov 26 17:02:56 2020,1.012930154800415
Thu Nov 26 17:02:58 2020,1.0306146144866943
Thu Nov 26 17:03:00 2020,0.92372727394104
Thu Nov 26 17:03:02 2020,0.9161031246185303
Thu Nov 26 17:03:04 2020,0.9253628253936768
Thu Nov 26 17:03:06 2020,0.916801929473877
Thu Nov 26 17:03:08 2020,0.9292128086090088
Thu Nov 26 17:03:10 2020,1.02431321144104
Thu Nov 26 17:03:12 2020,0.9311227798461914
